[
  {
    "order_id": "489442",
    "product": {
      "sku": "22271",
      "name": "FELTCRAFT DOLL ROSIE"
    },
    "customer": {
      "id": "13635",
      "country": "United Kingdom"
    },
    "quantity": 6,
    "price": 2.95,
    "date": "2009-12-01 09:46:00"
  },
  {
    "order_id": "489442",
    "product": {
      "sku": "22272",
      "name": "FELTCRAFT DOLL MARIA"
    },
    "customer": {
      "id": "13635",
      "country": "United Kingdom"
    },
    "quantity": 6,
    "price": 2.95,
    "date": "2009-12-01 09:46:00"
  },
  {
    "order_id": "489442",
    "product": {
      "sku": "85123A",
      "name": "WHITE HANGING HEART T-LIGHT HOLDER"
    },
    "customer": {
      "id": "13635",
      "country": "United Kingdom"
    },
    "quantity": 6,
    "price": 2.95,
    "date": "2009-12-01 09:46:00"
  },
  {
    "order_id": "489442",
    "product": {
      "sku": "21582",
      "name": "KINGS CHOICE SMALL TUBE MATCHES"
    },
    "customer": {
      "id": "13635",
      "country": "United Kingdom"
    },
    "quantity": 20,
    "price": 1.65,
    "date": "2009-12-01 09:46:00"
  },
  {
    "order_id": "489442",
    "product": {
      "sku": "21586",
      "name": "KINGS CHOICE GIANT TUBE MATCHES"
    },
    "customer": {
      "id": "13635",
      "country": "United Kingdom"
    },
    "quantity": 12,
    "price": 2.55,
    "date": "2009-12-01 09:46:00"
  },
  {
    "order_id": "489442",
    "product": {
      "sku": "21590",
      "name": "KINGS CHOICE CIGAR BOX MATCHES "
    },
    "customer": {
      "id": "13635",
      "country": "United Kingdom"
    },
    "quantity": 48,
    "price": null,
    "date": "2009-12-01 09:46:00"
  },
  {
    "order_id": "489442",
    "product": {
      "sku": "22091",
      "name": "EMPIRE TISSUE BOX"
    },
    "customer": {
      "id": "13635",
      "country": "United Kingdom"
    },
    "quantity": 12,
    "price": 1.25,
    "date": "2009-12-01 09:46:00"
  },
  {
    "order_id": "489442",
    "product": {
      "sku": "84251J",
      "name": "GREETING CARD, THE BLACK CAT"
    },
    "customer": {
      "id": "13635",
      "country": "United Kingdom"
    },
    "quantity": 12,
    "price": 0.42,
    "date": "2009-12-01 09:46:00"
  },
  {
    "order_id": "489442",
    "product": {
      "sku": "22024",
      "name": "RAINY LADIES BIRTHDAY CARD"
    },
    "customer": {
      "id": "13635",
      "country": "United Kingdom"
    },
    "quantity": 12,
    "price": 0.42,
    "date": "2009-12-01 09:46:00"
  },
  {
    "order_id": "489442",
    "product": {
      "sku": "22026",
      "name": "BANQUET BIRTHDAY  CARD  "
    },
    "customer": {
      "id": "13635",
      "country": "United Kingdom"
    },
    "quantity": 12,
    "price": 0.42,
    "date": "2009-12-01 09:46:00"
  },
  {
    "order_id": "489442",
    "product": {
      "sku": "22029",
      "name": "SPACE BOY BIRTHDAY CARD"
    },
    "customer": {
      "id": "13635",
      "country": "United Kingdom"
    },
    "quantity": -9999,
    "price": 0.42,
    "date": "2009-12-01 09:46:00"
  },
  {
    "order_id": "489442",
    "product": {
      "sku": "22025",
      "name": "RING OF ROSES BIRTHDAY CARD"
    },
    "customer": {
      "id": "13635",
      "country": "United Kingdom"
    },
    "quantity": 12,
    "price": 0.42,
    "date": "2009-12-01 09:46:00"
  },
  {
    "order_id": "489442",
    "product": {
      "sku": "22031",
      "name": "BOTANICAL LAVENDER BIRTHDAY CARD"
    },
    "customer": {
      "id": "13635",
      "country": "United Kingdom"
    },
    "quantity": 12,
    "price": 0.42,
    "date": "2009-12-01 09:46:00"
  },
  {
    "order_id": "489442",
    "product": {
      "sku": "21428",
      "name": "SET3 BOOK BOX GREEN GINGHAM FLOWER "
    },
    "customer": {
      "id": "13635",
      "country": "United Kingdom"
    },
    "quantity": 4,
    "price": 4.25,
    "date": "2009-12-01 09:46:00"
  },
  {
    "order_id": "489442",
    "product": {
      "sku": "21430",
      "name": "SET/3 RED GINGHAM ROSE STORAGE BOX"
    },
    "customer": {
      "id": "13635",
      "country": "United Kingdom"
    },
    "quantity": 4,
    "price": 3.75,
    "date": "2009-12-01 09:46:00"
  },
  {
    "order_id": "489442",
    "product": {
      "sku": "21916",
      "name": "###INVALID###"
    },
    "customer": {
      "id": "13635",
      "country": "United Kingdom"
    },
    "quantity": 24,
    "price": 0.42,
    "date": "2009-12-01 09:46:00"
  },
  {
    "order_id": "489442",
    "product": {
      "sku": "21790",
      "name": "VINTAGE SNAP CARDS"
    },
    "customer": {
      "id": "13635",
      "country": "United Kingdom"
    },
    "quantity": 12,
    "price": 0.85,
    "date": "2009-12-01 09:46:00"
  },
  {
    "order_id": "489442",
    "product": {
      "sku": "21888",
      "name": "BINGO SET"
    },
    "customer": {
      "id": "13635",
      "country": "United Kingdom"
    },
    "quantity": 8,
    "price": 3.75,
    "date": "2009-12-01 09:46:00"
  },
  {
    "order_id": "489442",
    "product": {
      "sku": "85178",
      "name": "VICTORIAN SEWING KIT"
    },
    "customer": {
      "id": "13635",
      "country": "United Kingdom"
    },
    "quantity": 12,
    "price": 1.25,
    "date": "2009-12-01 09:46:00"
  },
  {
    "order_id": "489443",
    "product": {
      "sku": "20754",
      "name": "RETRO RED SPOTTY WASHING UP GLOVES"
    },
    "customer": {
      "id": "14110",
      "country": "United Kingdom"
    },
    "quantity": 6,
    "price": 2.1,
    "date": "2009-12-01 09:50:00"
  },
  {
    "order_id": "489443",
    "product": {
      "sku": "21035",
      "name": "SET/2 RED SPOTTY TEA TOWELS "
    },
    "customer": {
      "id": "14110",
      "country": "United Kingdom"
    },
    "quantity": 12,
    "price": 0.0001,
    "date": "2009-12-01 09:50:00"
  },
  {
    "order_id": "489443",
    "product": {
      "sku": "22041",
      "name": "RECORD FRAME 7\" SINGLE SIZE "
    },
    "customer": {
      "id": "14110",
      "country": "United Kingdom"
    },
    "quantity": 48,
    "price": 2.1,
    "date": "2009-12-01 09:50:00"
  },
  {
    "order_id": "489443",
    "product": {
      "sku": "82001S",
      "name": "VINYL RECORD FRAME SILVER"
    },
    "customer": {
      "id": "14110",
      "country": "United Kingdom"
    },
    "quantity": 24,
    "price": 3.39,
    "date": "2009-12-01 09:50:00"
  },
  {
    "order_id": "489443",
    "product": {
      "sku": "82580",
      "name": "BATHROOM METAL SIGN"
    },
    "customer": {
      "id": "14110",
      "country": "United Kingdom"
    },
    "quantity": 12,
    "price": 0.55,
    "date": "2009-12-01 09:50:00"
  },
  {
    "order_id": "489443",
    "product": {
      "sku": "85150",
      "name": "LADIES & GENTLEMEN METAL SIGN"
    },
    "customer": {
      "id": "14110",
      "country": "United Kingdom"
    },
    "quantity": 12,
    "price": 2.55,
    "date": "2009-12-01 09:50:00"
  },
  {
    "order_id": "489443",
    "product": {
      "sku": "21041",
      "name": "RED SPOTTY OVEN GLOVE DOUBLE"
    },
    "customer": {
      "id": null,
      "country": "United Kingdom"
    },
    "quantity": 6,
    "price": 2.95,
    "date": "2009-12-01 09:50:00"
  },
  {
    "order_id": "489444",
    "product": {
      "sku": "POST",
      "name": "POSTAGE"
    },
    "customer": {
      "id": "12636",
      "country": "USA"
    },
    "quantity": 1,
    "price": 141.0,
    "date": "2009-12-01 09:55:00"
  },
  {
    "order_id": "489445",
    "product": {
      "sku": "35916C",
      "name": "PINK FELT HANGING HEART W FLOWER"
    },
    "customer": {
      "id": "17519",
      "country": "United Kingdom"
    },
    "quantity": 12,
    "price": 0.85,
    "date": "2009-12-01 09:57:00"
  },
  {
    "order_id": "489445",
    "product": {
      "sku": "35916B",
      "name": "BLUE FELT HANGING HEART W FLOWER"
    },
    "customer": {
      "id": "17519",
      "country": "United Kingdom"
    },
    "quantity": 12,
    "price": 0.85,
    "date": "2009-12-01 09:57:00"
  },
  {
    "order_id": "489445",
    "product": {
      "sku": "22321",
      "name": "BIRD DECORATION RED SPOT"
    },
    "customer": {
      "id": "17519",
      "country": "United Kingdom"
    },
    "quantity": 24,
    "price": 0.85,
    "date": "2009-12-01 09:57:00"
  },
  {
    "order_id": "489445",
    "product": {
      "sku": "22130",
      "name": "PARTY CONE CHRISTMAS DECORATION "
    },
    "customer": {
      "id": "17519",
      "country": "United Kingdom"
    },
    "quantity": 12,
    "price": 0.85,
    "date": "2009-12-01 09:57:00"
  },
  {
    "order_id": "489445",
    "product": {
      "sku": "22180",
      "name": "RETRO SPOT LAMP"
    },
    "customer": {
      "id": "17519",
      "country": "United Kingdom"
    },
    "quantity": 2,
    "price": 9.95,
    "date": "2009-12-01 09:57:00"
  },
  {
    "order_id": "489445",
    "product": {
      "sku": "22128",
      "name": "PARTY CONES CANDY ASSORTED"
    },
    "customer": {
      "id": "17519",
      "country": "United Kingdom"
    },
    "quantity": 12,
    "price": 1.25,
    "date": "2009-12-01 09:57:00"
  },
  {
    "order_id": "489445",
    "product": {
      "sku": "22163",
      "name": "HEART STRING MEMO HOLDER HANGING"
    },
    "customer": {
      "id": "17519",
      "country": "United Kingdom"
    },
    "quantity": 6,
    "price": 2.95,
    "date": "2009-12-01 09:57:00"
  },
  {
    "order_id": "489445",
    "product": {
      "sku": "35951",
      "name": "FOLKART BAUBLE CHRISTMAS DECORATION"
    },
    "customer": {
      "id": "17519",
      "country": "United Kingdom"
    },
    "quantity": 48,
    "price": 0.38,
    "date": "2009-12-01 09:57:00"
  },
  {
    "order_id": "489445",
    "product": {
      "sku": "22253",
      "name": "6 CROCHET STRAWBERRIES"
    },
    "customer": {
      "id": "17519",
      "country": "United Kingdom"
    },
    "quantity": 12,
    "price": 1.25,
    "date": "2009-12-01 09:57:00"
  },
  {
    "order_id": "489445",
    "product": {
      "sku": "84988",
      "name": "SET OF 72 PINK HEART PAPER DOILIES"
    },
    "customer": {
      "id": "17519",
      "country": "United Kingdom"
    },
    "quantity": 12,
    "price": 1.45,
    "date": "2009-12-01 09:57:00"
  },
  {
    "order_id": "489445",
    "product": {
      "sku": "22219",
      "name": "LOVEBIRD HANGING DECORATION WHITE "
    },
    "customer": {
      "id": "17519",
      "country": "United Kingdom"
    },
    "quantity": 24,
    "price": 0.85,
    "date": "2009-12-01 09:57:00"
  },
  {
    "order_id": "489445",
    "product": {
      "sku": "18097C",
      "name": "WHITE TALL PORCELAIN T-LIGHT HOLDER"
    },
    "customer": {
      "id": "17519",
      "country": "United Kingdom"
    },
    "quantity": 6,
    "price": 2.55,
    "date": "2009-12-01 09:57:00"
  },
  {
    "order_id": "489445",
    "product": {
      "sku": "22138",
      "name": "BAKING SET 9 PIECE RETROSPOT "
    },
    "customer": {
      "id": "17519",
      "country": "United Kingdom"
    },
    "quantity": 3,
    "price": 4.95,
    "date": "2009-12-01 09:57:00"
  },
  {
    "order_id": "489445",
    "product": {
      "sku": "21299",
      "name": "EDWARDIAN TOILET ROLL UNIT "
    },
    "customer": {
      "id": "17519",
      "country": "United Kingdom"
    },
    "quantity": 1,
    "price": 12.75,
    "date": "2009-12-01 09:57:00"
  },
  {
    "order_id": "489445",
    "product": {
      "sku": "21099",
      "name": "SET/6 STRAWBERRY PAPER CUPS"
    },
    "customer": {
      "id": "17519",
      "country": "United Kingdom"
    },
    "quantity": 24,
    "price": 0.65,
    "date": "2009-12-01 09:57:00"
  },
  {
    "order_id": "489445",
    "product": {
      "sku": "21085",
      "name": "SET/6 WOODLAND PAPER CUPS"
    },
    "customer": {
      "id": "17519",
      "country": "United Kingdom"
    },
    "quantity": 24,
    "price": 0.65,
    "date": "2009-12-01 09:57:00"
  },
  {
    "order_id": "489445",
    "product": {
      "sku": "21929",
      "name": "JUMBO BAG PINK VINTAGE PAISLEY"
    },
    "customer": {
      "id": "17519",
      "country": "United Kingdom"
    },
    "quantity": 10,
    "price": 1.95,
    "date": "2009-12-01 09:57:00"
  },
  {
    "order_id": "489445",
    "product": {
      "sku": "22241",
      "name": "GARLAND , WOODEN  \" HAPPY EASTER\""
    },
    "customer": {
      "id": "17519",
      "country": "United Kingdom"
    },
    "quantity": 24,
    "price": 1.25,
    "date": "2009-12-01 09:57:00"
  },
  {
    "order_id": "489445",
    "product": {
      "sku": "21091",
      "name": "SET/6 WOODLAND PAPER PLATES"
    },
    "customer": {
      "id": "17519",
      "country": "United Kingdom"
    },
    "quantity": 12,
    "price": 0.85,
    "date": "2009-12-01 09:57:00"
  },
  {
    "order_id": "489446",
    "product": {
      "sku": "21733",
      "name": "RED HANGING HEART T-LIGHT HOLDER"
    },
    "customer": {
      "id": "13758",
      "country": "United Kingdom"
    },
    "quantity": 32,
    "price": 2.55,
    "date": "2009-12-01 10:06:00"
  },
  {
    "order_id": "489446",
    "product": {
      "sku": "85123A",
      "name": "WHITE HANGING HEART T-LIGHT HOLDER"
    },
    "customer": {
      "id": "13758",
      "country": "United Kingdom"
    },
    "quantity": 32,
    "price": 2.55,
    "date": "2009-12-01 10:06:00"
  },
  {
    "order_id": "489446",
    "product": {
      "sku": "22178",
      "name": "VICTORIAN GLASS HANGING T-LIGHT"
    },
    "customer": {
      "id": "13758",
      "country": "United Kingdom"
    },
    "quantity": 12,
    "price": 1.25,
    "date": "2009-12-01 10:06:00"
  },
  {
    "order_id": "489446",
    "product": {
      "sku": "22125",
      "name": "UNION JACK HOT WATER BOTTLE "
    },
    "customer": {
      "id": "13758",
      "country": "United Kingdom"
    },
    "quantity": 12,
    "price": 5.95,
    "date": "2009-12-01 10:06:00"
  }
]