invoice_id,product_code,product_name,qty,unit_price,customer_id,transaction_date
489434,85048,15CM CHRISTMAS GLASS BALL 20 LIGHTS,12,6.95,13085.0,2009-12-01 07:45:00
489434,79323P,PINK CHERRY LIGHTS,12,6.75,13085.0,2009-12-01 07:45:00
489434,79323W, WHITE CHERRY LIGHTS,12,6.75,13085.0,2009-12-01 07:45:00
489434,22041,"RECORD FRAME 7"" SINGLE SIZE ",48,2.1,13085.0,2009-12-01 07:45:00
489434,21232,STRAWBERRY CERAMIC TRINKET BOX,24,1.25,13085.0,2009-12-01 07:45:00
489434,22064,PINK DOUGHNUT TRINKET POT ,24,1.65,13085.0,2009-12-01 07:45:00
489434,21871,SAVE THE PLANET MUG,24,1.25,13085.0,2009-12-01 07:45:00
489434,21523,FANCY FONT HOME SWEET HOME DOORMAT,10,5.95,13085.0,2009-12-01 07:45:00
489435,22350,CAT BOWL ,12,2.55,13085.0,2009-12-01 07:46:00
489435,22349,"DOG BOWL , CHASING BALL DESIGN",12,3.75,13085.0,2009-12-01 07:46:00
489435,22195,HEART MEASURING SPOONS LARGE,24,,13085.0,2009-12-01 07:46:00
489435,22353,LUNCHBOX WITH CUTLERY FAIRY CAKES ,12,2.55,13085.0,2009-12-01 07:46:00
489436,48173C,DOOR MAT BLACK FLOCK ,10,5.95,13078.0,2009-12-01 09:06:00
489436,21755,LOVE BUILDING BLOCK WORD,18,5.45,13078.0,2009-12-01 09:06:00
489436,21754,HOME BUILDING BLOCK WORD,3,5.95,13078.0,2009-12-01 09:06:00
489436,84879,ASSORTED COLOUR BIRD ORNAMENT,16,1.69,13078.0,2009-12-01 09:06:00
489436,22119, PEACE WOODEN BLOCK LETTERS,3,6.95,13078.0,2009-12-01 09:06:00
489436,22142,CHRISTMAS CRAFT WHITE FAIRY ,12,1.45,13078.0,2009-12-01 09:06:00
489436,22296,HEART IVORY TRELLIS LARGE,12,1.65,13078.0,2009-12-01 09:06:00
489436,22295,HEART FILIGREE DOVE LARGE,12,1.65,13078.0,2009-12-01 09:06:00
489436,22109,FULL ENGLISH BREAKFAST PLATE,16,3.39,,2009-12-01 09:06:00
489436,22107,PIZZA PLATE IN BOX,4,3.75,13078.0,2009-12-01 09:06:00
489436,22194,BLACK DINER WALL CLOCK,2,8.5,13078.0,2009-12-01 09:06:00
489436,35004B,SET OF 3 BLACK FLYING DUCKS,12,4.65,13078.0,2009-12-01 09:06:00
489436,82582,AREA PATROLLED METAL SIGN,12,2.1,13078.0,2009-12-01 09:06:00
489436,21181,PLEASE ONE PERSON  METAL SIGN,12,2.1,13078.0,2009-12-01 09:06:00
489436,21756,BATH BUILDING BLOCK WORD,3,5.95,13078.0,2009-12-01 09:06:00
489436,21333,CLASSIC WHITE FRAME,6,2.95,13078.0,2009-12-01 09:06:00
489436,84596F,SMALL MARSHMALLOWS PINK BOWL,8,1.25,13078.0,2009-12-01 09:06:00
489436,84596L,BISCUITS SMALL BOWL LIGHT BLUE,8,1.25,13078.0,2009-12-01 09:06:00
489436,22111,,24,4.25,13078.0,2009-12-01 09:06:00
489437,22143,CHRISTMAS CRAFT HEART DECORATIONS,6,2.1,15362.0,2009-12-01 09:08:00
489437,22145,CHRISTMAS CRAFT HEART STOCKING ,6,2.1,15362.0,2009-12-01 09:08:00
489437,22130,PARTY CONE CHRISTMAS DECORATION ,12,0.85,15362.0,2009-12-01 09:08:00
489437,21364,PEACE SMALL WOOD LETTERS,2,6.75,15362.0,2009-12-01 09:08:00
489437,21360,JOY LARGE WOOD LETTERS,1,9.95,15362.0,2009-12-01 09:08:00
489437,21351,CINAMMON & ORANGE WREATH,2,6.75,15362.0,2009-12-01 09:08:00
489437,21352,EUCALYPTUS & PINECONE  WREATH,2,6.75,15362.0,2009-12-01 09:08:00
489437,35400,WOODEN BOX ADVENT CALENDAR ,2,8.95,15362.0,2009-12-01 09:08:00
489437,20695,FLORAL BLUE MONSTER,3,4.25,15362.0,2009-12-01 09:08:00
489437,37370,RETRO COFFEE MUGS ASSORTED,12,1.25,15362.0,2009-12-01 09:08:00
489437,10002,INFLATABLE POLITICAL GLOBE ,12,0.85,15362.0,2009-12-01 09:08:00
489437,84507B,STRIPES DESIGN MONKEY DOLL,6,2.55,15362.0,2009-12-01 09:08:00
489437,20703,BLUE PADDED SOFT MOBILE,3,4.25,15362.0,2009-12-01 09:08:00
489437,21987,PACK OF 6 SKULL PAPER CUPS,12,0.65,15362.0,2009-12-01 09:08:00
489437,21989,PACK OF 20 SKULL PAPER NAPKINS,12,0.85,15362.0,2009-12-01 09:08:00
489437,84970S,HANGING HEART ZINC T-LIGHT HOLDER,12,0.85,15362.0,2009-12-01 09:08:00
489437,20971,PINK BLUE FELT CRAFT TRINKET BOX,12,1.25,15362.0,2009-12-01 09:08:00
489437,22271,FELTCRAFT DOLL ROSIE,6,2.95,15362.0,2009-12-01 09:08:00
489437,22272,FELTCRAFT DOLL MARIA,6,2.95,15362.0,2009-12-01 09:08:00
